<?xml version="1.0" encoding="UTF-8"?>
<project-private xmlns="http://www.netbeans.org/ns/project-private/1">
    <editor-bookmarks xmlns="http://www.netbeans.org/ns/editor-bookmarks/2" lastBookmarkId="0"/>
    <open-files xmlns="http://www.netbeans.org/ns/projectui-open-files/2">
        <group>
            <file>file:/C:/Users/User/Downloads/OrderingSystem-ry%20(1)/OrderingSystem-ry/src/com/model/Users.java</file>
            <file>file:/C:/Users/User/Downloads/OrderingSystem-ry%20(1)/OrderingSystem-ry/src/com/model/Order.java</file>
            <file>file:/C:/Users/User/Downloads/OrderingSystem-ry%20(1)/OrderingSystem-ry/src/com/customerViews/CustomerVendorFood.java</file>
            <file>file:/C:/Users/User/Downloads/OrderingSystem-ry%20(1)/OrderingSystem-ry/src/data/customers.txt</file>
            <file>file:/C:/Users/User/Downloads/OrderingSystem-ry%20(1)/OrderingSystem-ry/src/com/customerViews/CustomerCartView.java</file>
            <file>file:/C:/Users/User/Downloads/OrderingSystem-ry%20(1)/OrderingSystem-ry/src/com/customerViews/CustomerMenuView.java</file>
            <file>file:/C:/Users/User/Downloads/OrderingSystem-ry%20(1)/OrderingSystem-ry/src/com/dao/AddCustomerDao.java</file>
            <file>file:/C:/Users/User/Downloads/OrderingSystem-ry%20(1)/OrderingSystem-ry/src/data/orders.txt</file>
            <file>file:/C:/Users/User/Downloads/OrderingSystem-ry%20(1)/OrderingSystem-ry/src/com/customerViews/CustomerReview.java</file>
            <file>file:/C:/Users/User/Downloads/OrderingSystem-ry%20(1)/OrderingSystem-ry/src/com/customerViews/ManageCustomerView.java</file>
            <file>file:/C:/Users/User/Downloads/OrderingSystem-ry%20(1)/OrderingSystem-ry/src/com/model/Customers.java</file>
            <file>file:/C:/Users/User/Downloads/OrderingSystem-ry%20(1)/OrderingSystem-ry/src/com/customerViews/CustomerOrderView.java</file>
            <file>file:/C:/Users/User/Downloads/OrderingSystem-ry%20(1)/OrderingSystem-ry/src/com/model/Cart.java</file>
            <file>file:/C:/Users/User/Downloads/OrderingSystem-ry%20(1)/OrderingSystem-ry/src/data/users.txt</file>
            <file>file:/C:/Users/User/Downloads/OrderingSystem-ry%20(1)/OrderingSystem-ry/src/com/model/Review.java</file>
            <file>file:/C:/Users/User/Downloads/OrderingSystem-ry%20(1)/OrderingSystem-ry/src/com/model/Runners.java</file>
            <file>file:/C:/Users/User/Downloads/OrderingSystem-ry%20(1)/OrderingSystem-ry/src/com/dao/AddOrderDao.java</file>
            <file>file:/C:/Users/User/Downloads/OrderingSystem-ry%20(1)/OrderingSystem-ry/src/data/runners.txt</file>
            <file>file:/C:/Users/User/Downloads/OrderingSystem-ry%20(1)/OrderingSystem-ry/src/com/model/Menu.java</file>
            <file>file:/C:/Users/User/Downloads/OrderingSystem-ry%20(1)/OrderingSystem-ry/src/com/windows/Login.java</file>
            <file>file:/C:/Users/User/Downloads/OrderingSystem-ry%20(1)/OrderingSystem-ry/src/com/adminViews/AdminVendorView.java</file>
            <file>file:/C:/Users/User/Downloads/OrderingSystem-ry%20(1)/OrderingSystem-ry/src/com/adminViews/AdminCustomerView.java</file>
            <file>file:/C:/Users/User/Downloads/OrderingSystem-ry%20(1)/OrderingSystem-ry/src/com/customerViews/CustomerCreditView.java</file>
            <file>file:/C:/Users/User/Downloads/OrderingSystem-ry%20(1)/OrderingSystem-ry/src/com/dao/AddVendorDao.java</file>
            <file>file:/C:/Users/User/Downloads/OrderingSystem-ry%20(1)/OrderingSystem-ry/src/com/adminViews/ManageAdminView.java</file>
            <file>file:/C:/Users/User/Downloads/OrderingSystem-ry%20(1)/OrderingSystem-ry/src/com/dao/AddRunnerDao.java</file>
            <file>file:/C:/Users/User/Downloads/OrderingSystem-ry%20(1)/OrderingSystem-ry/src/com/adminViews/AdminRunnerView.java</file>
            <file>file:/C:/Users/User/Downloads/OrderingSystem-ry%20(1)/OrderingSystem-ry/src/com/tool/TextFunction.java</file>
            <file>file:/C:/Users/User/Downloads/OrderingSystem-ry%20(1)/OrderingSystem-ry/src/data/vendors.txt</file>
            <file>file:/C:/Users/User/Downloads/OrderingSystem-ry%20(1)/OrderingSystem-ry/src/com/model/VendorFood.java</file>
            <file>file:/C:/Users/User/Downloads/OrderingSystem-ry%20(1)/OrderingSystem-ry/src/com/customerViews/CustomerNotificationView.java</file>
            <file>file:/C:/Users/User/Downloads/OrderingSystem-ry%20(1)/OrderingSystem-ry/src/com/windows/OrderSystem.java</file>
            <file>file:/C:/Users/User/Downloads/OrderingSystem-ry%20(1)/OrderingSystem-ry/src/com/model/Credit.java</file>
        </group>
    </open-files>
</project-private>
