<?xml version="1.0" encoding="UTF-8"?>
<project-private xmlns="http://www.netbeans.org/ns/project-private/1">
    <editor-bookmarks xmlns="http://www.netbeans.org/ns/editor-bookmarks/2" lastBookmarkId="0"/>
    <open-files xmlns="http://www.netbeans.org/ns/projectui-open-files/2">
        <group>
            <file>file:/D:/APU/Y2S1/Java/OrderingSystem-ry/OrderingSystem-ry/src/com/model/RunnerReview.java</file>
            <file>file:/D:/APU/Y2S1/Java/OrderingSystem-ry/OrderingSystem-ry/src/com/customerViews/ManageCustomerView.java</file>
            <file>file:/D:/APU/Y2S1/Java/OrderingSystem-ry/OrderingSystem-ry/src/com/tool/Tools.java</file>
            <file>file:/D:/APU/Y2S1/Java/OrderingSystem-ry/OrderingSystem-ry/src/com/dao/ViewReviewDao.java</file>
            <file>file:/D:/APU/Y2S1/Java/OrderingSystem-ry/OrderingSystem-ry/src/com/runnerViews/ReviewView.java</file>
            <file>file:/D:/APU/Y2S1/Java/OrderingSystem-ry/OrderingSystem-ry/src/com/dao/ViewRevenueDao.java</file>
            <file>file:/D:/APU/Y2S1/Java/OrderingSystem-ry/OrderingSystem-ry/src/com/dao/AddTaskDao.java</file>
            <file>file:/D:/APU/Y2S1/Java/OrderingSystem-ry/OrderingSystem-ry/src/com/tool/TextFunction.java</file>
            <file>file:/D:/APU/Y2S1/Java/OrderingSystem-ry/OrderingSystem-ry/src/com/model/History.java</file>
            <file>file:/D:/APU/Y2S1/Java/OrderingSystem-ry/OrderingSystem-ry/src/data/runnerhistory.txt</file>
            <file>file:/D:/APU/Y2S1/Java/OrderingSystem-ry/OrderingSystem-ry/src/com/model/Revenue.java</file>
            <file>file:/D:/APU/Y2S1/Java/OrderingSystem-ry/OrderingSystem-ry/src/com/dao/ViewHistoryDao.java</file>
            <file>file:/D:/APU/Y2S1/Java/OrderingSystem-ry/OrderingSystem-ry/src/com/windows/OrderSystem.java</file>
            <file>file:/D:/APU/Y2S1/Java/OrderingSystem-ry/OrderingSystem-ry/src/com/model/Tasks.java</file>
            <file>file:/D:/APU/Y2S1/Java/OrderingSystem-ry/OrderingSystem-ry/src/com/runnerViews/AcceptTaskView.java</file>
            <file>file:/D:/APU/Y2S1/Java/OrderingSystem-ry/OrderingSystem-ry/src/com/runnerViews/RevenueView.java</file>
            <file>file:/D:/APU/Y2S1/Java/OrderingSystem-ry/OrderingSystem-ry/src/com/runnerViews/RunnerTaskView.java</file>
            <file>file:/D:/APU/Y2S1/Java/OrderingSystem-ry/OrderingSystem-ry/src/com/runnerViews/ManageRunnerView.java</file>
            <file>file:/D:/APU/Y2S1/Java/OrderingSystem-ry/OrderingSystem-ry/src/com/dao/AddCustomerDao.java</file>
            <file>file:/D:/APU/Y2S1/Java/OrderingSystem-ry/OrderingSystem-ry/src/com/adminViews/CustomerTopUpView.java</file>
            <file>file:/D:/APU/Y2S1/Java/OrderingSystem-ry/OrderingSystem-ry/src/com/style/Style.java</file>
            <file>file:/D:/APU/Y2S1/Java/OrderingSystem-ry/OrderingSystem-ry/src/com/runnerViews/HistoryView.java</file>
            <file>file:/D:/APU/Y2S1/Java/OrderingSystem-ry/OrderingSystem-ry/src/com/windows/Login.java</file>
        </group>
    </open-files>
</project-private>
